Link,Title,Loc,Sal,Summary
https://kr.indeed.com/viewjob?jk=13513ddad0382808,빅데이터 분석,Success Korea 서울 삼성동,빅데이터 분석,,"및 분석 경험 - 프로그래밍 언어 중 2가지 이상 능숙하게 사용(R, Scala, Python, Java) - 컴퓨터 사이언스 또는 통계 관련 박사학... 중 2가지 이상 능숙하게 사용(R, Scala, Python, Java..."
https://kr.indeed.com/viewjob?jk=73457e281df2be21,데이터인프라개발팀 - 데이터 플랫폼 엔지니어,Nexon 성남 분당구,데이터인프라개발팀 - 데이터 플랫폼 엔지니어,,"해보신 분 - 클라우드 환경에서 분산 시스템을 개발 및 운영해보신분 - C++ / C# / JAVA / Scala / Python 언어 중 한가지 이상의 언어를 능숙히 사용하시는 분 - 자료구조, 알고리즘, 데이터베이스..."
https://kr.indeed.com/viewjob?jk=248f25cc0416aa37,Java Backend Software Engineer,하이퍼커넥트 서울,Java Backend Software Engineer,,"의사소통이 가능한 분 우대사항 Netty, Akka 등 비동기 네트워크 프레임워크 사용 경험이 있으신 분 Scala, Kotlin, Rust, Go 등의 고성능 정적 타입 언어 사용 경험이 있으신 분 Cassandra..."
https://kr.indeed.com/viewjob?jk=0b06569e20a009f7,[수시] ZUM 데이터 엔지니어 (경력),zum 서울 서초구,[수시] ZUM 데이터 엔지니어 (경력),,"터분석에 기반한 의사결정 및 협업부서 업무 지원 *자격조건... 경력 : 2년 ~ 6년 - Java, Scala, Python, Shell 등에 대해 능숙하게 다룰 수 있는 언어 2개 이상 보유자 - 데이터베이스에..."
https://kr.indeed.com/viewjob?jk=67510bc4b3e01817,블루키 라붐아울렛 동백(용인)점 베이직하우스 점장 모집,용인 기흥구,블루키 라붐아울렛 동백(용인)점 베이직하우스 점장 모집,,"슈퍼피쳐링 슈페르가,SUPERGA 스와로브스키,Swarovski 스위트숲,SweetSOUP 스칼라, scala 스코노,skonokorea 스콜피오,scorpio 스킬스,SKLZ 스타런 스타카토,STACCATO 스텔라매카트니..."
https://kr.indeed.com/viewjob?jk=c62d380a1585df66,데이터 엔지니어 (3년 이상),우아한 형제들 서울 송파구,데이터 엔지니어 (3년 이상),,지원자격] - Hadoop/Spark 기반의 빅데이터 인프라 구축 및 ETL 개발 경험(3년 이상) - Scala/Java/Python 중 1개 이상의 언어 숙련자 - SQL 숙련자(MySQL/SparkSQL) - 1개 이상...
https://kr.indeed.com/viewjob?jk=93fb20ec396f2ec9,[S/W] Backend Engineer for Mobility,현대자동차그룹 4.4 대한민국,[S/W] Backend Engineer for Mobility,,"템에 대한 이해를 보유한 자 - Backend 개발에 대한 전문성 보유자 (Go, Java, Kotlin, Scala 등) 우대사항 - 대규모 서비스 서버 개발 및 운영 경험자 - Kafka, Redis, RDB, NoSQL..."
https://kr.indeed.com/viewjob?jk=85687b250386c4be,qe 소프트웨어 엔지니어,에이치알 코리아 대한민국,qe 소프트웨어 엔지니어,,"Ability to code competently in C++, C#, Javascript, Java or Scala • Familiarity with mobile/web game development and load..."
https://kr.indeed.com/viewjob?jk=a7ad2455872da832,[카카오스토리] 개발자 (서버/iOS/Android),카카오 4.2 대한민국,[카카오스토리] 개발자 (서버/iOS/Android),,"경험 ✔︎ 데이터엔지니어링 업무내용 Spark를 이용한 카카오스토리 데이터 분석 및 실시간 처리 지원자격 Scala 또는 Java 개발 경험 2년 이상 Hadoop, Spark 기반 데이터 엔지니어링 경험 데이터베이스..."
https://kr.indeed.com/viewjob?jk=f59ae6a493eec795,"[R0001563] Principal, Back-end Engineer...",Coupang 3.1 서울,"[R0001563] Principal, Back-end Engineer...",,"Computer Science Fundamentals 이수 Java, C++, C, Python, Scala 등 현대 프로그래밍 언어 중 최소 한 가지 이상을 능숙하게 활용할 수 있음 (본사에서는 주로 Java를 사용함..."
https://kr.indeed.com/viewjob?jk=b50401f3fe70ade9,[수시] ZUM 빅데이터 분석 플랫폼 개발 및 운영(신입),ZUM 서울 서초구,[수시] ZUM 빅데이터 분석 플랫폼 개발 및 운영(신입),,"스템 구축 및 운영 - 객관적 데이터분석에 기반한 의사결정 및 협업부서 업무 지원 *자격조건... Scala, Java, Shell 등에 대해 능숙하게 다룰 수 있는 언어가 하나 이상 - 자료구조, 알고리즘, 운영..."
https://kr.indeed.com/viewjob?jk=fb21ea899c7580fe,[S/W] Speech Recognition & Synthesis Eng...,현대자동차그룹 4.4 대한민국,[S/W] Speech Recognition & Synthesis Eng...,,보유하신 분 - 독창적인 기술 제시 및 문제 해결을 위한 프로그래밍 능력을 보유하신 분 (Python/Java/ Scala 등) - 오픈소스 기반 딥 러닝 프레임워크 활용 능력을 보유하신 분 (TensorFlow/Keras...
https://kr.indeed.com/viewjob?jk=8ae7c240ef7d5f0b,카카오 분석 플랫폼 경력 개발자,카카오 4.2 성남 판교역,카카오 분석 플랫폼 경력 개발자,,"대용량 데이터에 대한 실시간/배치 서비스 개발 운영 경험이 있으신 분 개발 경력 1년 이상 python, scala, druid, hadoop 등 다양한 환경에 적응 가능한 분 어떤 일이라도 중요하게 여기며 책임감 있게 진행..."
https://kr.indeed.com/viewjob?jk=7a08f5e589b10a00,"Senior, Software Engineer (Search Qualit...",Coupang 3.1 서울,"Senior, Software Engineer (Search Qualit...",,"알고리즘, 시스템 설계, 분산환경에서 3년 이상의 실무 경험 Java, Scala, Python 등의 객체 지향 언어에서 3년 이상의 실무 경험... language, Java, Scala, Python Data..."
https://kr.indeed.com/viewjob?jk=72df4d9b3d1399af,대기업(연구소) AI 플랫폼연구 석사이상,금융대기업(연구센터) 서울 강남구,대기업(연구소) AI 플랫폼연구 석사이상,,"process 에 대한 이해 및 경험 - 기계학습 알고리즘 구현 또는 활용 경험 - R/python/ scala/java/javascript/typescript 중급 이상(택1) - Hadoop, spark 에 대한 이해..."
https://kr.indeed.com/viewjob?jk=ff2f8c996186ab4d,Cloud Application Architect - Profession...,Amazon Web Services Korea LLC 서울,Cloud Application Architect - Profession...,,"Ruby, .NET, Go, Scala 중 하나 이상의 프로그래밍 현장... Python, Java, Node.js, Ruby, .NET or Scala · Agile software development expert..."
https://kr.indeed.com/viewjob?jk=a6df161cf8e96140,게임 딥러닝 AI 개발,Success Korea 성남 분당구,게임 딥러닝 AI 개발,,로그 전처리 및 데이터 시각화 경험 -Spark / Hadoop / Scala / Zepplin 등 분산처리 시스템 개발 경험 -CUDA 기반 GPU... Spark / Hadoop / Scala / Zepplin 등 분산처리...
https://kr.indeed.com/viewjob?jk=a7433a3680e28581,NC백화점 동수원점 베이직하우스 점장 모집,수원 팔달구,NC백화점 동수원점 베이직하우스 점장 모집,,"슈퍼피쳐링 슈페르가,SUPERGA 스와로브스키,Swarovski 스위트숲,SweetSOUP 스칼라, scala 스코노,skonokorea 스콜피오,scorpio 스킬스,SKLZ 스타런 스타카토,STACCATO 스텔라매카트니..."
https://kr.indeed.com/viewjob?jk=1b64564d3e3a497c,Backend,리테일-테크회사 서울 강남구,Backend,,"료구조, 알고리즘 등 CS에 대한 이해 - MVC 프레임워크를 이용한 웹 애플리케이션 개발 경험 - Java, Scala, Javascript es6+ 등 하나 이상의 객체 지향 언어 사용 경험 - RESTful API 서버..."
https://kr.indeed.com/viewjob?jk=1757ffa0ee8637e5,울산 베이직하우스 상설 호계점 중간관리자 모집,울산 북구,울산 베이직하우스 상설 호계점 중간관리자 모집,,"슈퍼피쳐링 슈페르가,SUPERGA 스와로브스키,Swarovski 스위트숲,SweetSOUP 스칼라, scala 스코노,skonokorea 스콜피오,scorpio 스킬스,SKLZ 스타런 스타카토,STACCATO 스텔라매카트니..."
https://kr.indeed.com/viewjob?jk=f79f6cd3e91fcc1a,"Principal, Data Engineer (EDW Data Proce...",Coupang 3.1 서울,"Principal, Data Engineer (EDW Data Proce...",,"을 포함하여 빅 데이터 플랫폼 개발 경험 Python, Java 혹은 Scala를 이용한 개발 경험 전형 절차 및 기타사항 전형절차: 서류전형... using Python, Java or Scala 5+ years..."
https://kr.indeed.com/viewjob?jk=4905d9f2b47e6464,서버 개발자,유명메신저회사 서울 강남구,서버 개발자,,"위해 노력하시는 분 [ 우대사항 ] - 확장성 있는 서버 아키텍처에 대한 이해 - Java, Python, Scala 를 이용한 개발 경험 - 오픈소스 활동 경험 - 채팅, RPC, WebRTC에 대한 경험 - AWS 사용..."
https://kr.indeed.com/viewjob?jk=92b514ec08347efd,NC백화점 청주점 베이직하우스 점장 모집,청주 흥덕구,NC백화점 청주점 베이직하우스 점장 모집,,"슈퍼피쳐링 슈페르가,SUPERGA 스와로브스키,Swarovski 스위트숲,SweetSOUP 스칼라, scala 스코노,skonokorea 스콜피오,scorpio 스킬스,SKLZ 스타런 스타카토,STACCATO 스텔라매카트니..."
https://kr.indeed.com/viewjob?jk=256e680732c5296c,"[서버, backend 개발]",에이치알 코리아 대한민국,"[서버, backend 개발]",,회사 * 담당업무: - 모바일 결제 시스템 개발 - 모바일 서비스 플랫폼 개발 * 자격요건 - Java 또는 Scala 개발 경력 3년~8년 - Play/Spring/Akka 등 프레임워크 활용 능력 - MySQL 기반의...
https://kr.indeed.com/viewjob?jk=a72ab5e8773b9ad8,빅데이터 개발(3년이상 경력),에이치알 코리아 서울,빅데이터 개발(3년이상 경력),,계열사 업무내용 - 실시간 빅데이터 솔루션 개발 - 관련상품 추천 개발 지원자격 - JAVA/Python/ Scala 등 활용한 데이터분석/설계/개발 역량 - DB 설계/개발 역량 - 빅데이터(Hadoop Eco) 기반 DW...
https://kr.indeed.com/viewjob?jk=dbe0f6f7da20d201,"Principal, Back-end Engineer (Seller Por...",Coupang 3.1 서울,"Principal, Back-end Engineer (Seller Por...",,one or more programming language... Java/Python/ Scala Understanding of architectural principles and design patterns...
https://kr.indeed.com/viewjob?jk=9b09565fe78ef392,DX혁신부문 Tech Lab Senior Machine Learning...,이투스교육 서울 강남구,DX혁신부문 Tech Lab Senior Machine Learning...,,"반적인 백엔드 시스템 설계 및 개발 - ML/AI 시스템 아키텍쳐 설계 경험 - Python, scala, R 등 ML 및 통계 관련 언어 사용 경험 - 머신러닝 프레임워크 경험자 (TensorFlow, Caffe..."
https://kr.indeed.com/viewjob?jk=c0c4e2184e3885c0,대기업 검색엔진 개발 (대리과장급),차량IT 전문 기업 (대기업) 서울,대기업 검색엔진 개발 (대리과장급),,"5년이상 ~ 10년이하 - 정보검색에 대한 경험 보유 [기술스택] - OS : linux - 언어: java, scala, python, c++ 중 하나 이상의 언어 능숙자 - 프레임워크: spring boot - tool..."
https://kr.indeed.com/viewjob?jk=9681ee519a4f870e,게임밸런스 (게임 시뮬레이터),Success Korea 성남 분당구,게임밸런스 (게임 시뮬레이터),,자격요건] -프로그램 개발 경력 3년 이상이신 분 (언어 불문) - Scala 혹은 Python 등 새로운 언어의 학습 의지가 있으신 분 -숫자에 대한... 3년 이상이신 분 (언어 불문) - Scala 혹은 Python 등 새로운...
https://kr.indeed.com/viewjob?jk=3da2537c07ea7706,Platform server 개발자,Success Korea 성남 분당구,Platform server 개발자,,"서비스 및 플랫폼 아키텍처 설계 및 구현 [자격요건] -Java / scala (이외 C++, Go, Python 등)를 이용한 서버 개발 경력 3... 자격요건 -Java / scala (이외 C++, Go, Python 등..."
https://kr.indeed.com/viewjob?jk=74c4f418a78c820f,데이터 전문가,Success Korea 서울 삼성동,데이터 전문가,,"및 분석 경험 - 프로그래밍 언어 중 2가지 이상 능숙하게 사용(R, Scala, Python, Java) - 컴퓨터 사이언스 또는 통계 관련 박사학... 중 2가지 이상 능숙하게 사용(R, Scala, Python, Java..."
https://kr.indeed.com/viewjob?jk=18d4b759113240ca,개인화 추천서비스 개발,Success Korea 서울 삼성동,개인화 추천서비스 개발,,"개발 경험 - 다년간의 SQL 활용 경험 - Java 및 Python, Scala 프로그래밍 경험 - 컴퓨터 사이언스 또는 통계 관련 석/박사학위자... 경험 - Java 및 Python, Scala 프로그래밍 경험 - 컴퓨터..."
https://kr.indeed.com/viewjob?jk=417d3e24bac85b14,Analytics Engineer,Success Korea 서울 삼성동,Analytics Engineer,,"및 분석 경험 - 프로그래밍 언어 중 2가지 이상 능숙하게 사용(R, Scala, Python, Java) - Deep Learning 알고리즘 개발... 중 2가지 이상 능숙하게 사용(R, Scala, Python, Java..."
https://kr.indeed.com/viewjob?jk=8b43290c761c18b8,C++ Developer for SAP HANA Cloud Databas...,SAP 4.3 서울,C++ Developer for SAP HANA Cloud Databas...,,"Data Hadoop core service (HDFS, Hive, Zookeeper, Yarn, …) Scala, Spark, and akka framework Cloudera, Hortonworks, MapR Stream..."
https://kr.indeed.com/viewjob?jk=7d85150a375cfacf,[Search] BigData and AI Platform S/W엔지니어...,네이버 대한민국,[Search] BigData and AI Platform S/W엔지니어...,,1년 이상의 경력) - 리눅스 환경에서의 개발 경험 - 우수한 문제 분석 및 해결 능력 [우대요건] - Scala / Go / Java Script코드 읽기 가능 - 분산 컴퓨팅 또는 고가용성 시스템 경험 - BigData...
https://kr.indeed.com/viewjob?jk=5931380bf0919d90,제2020-1회 수리 및 계산 과학 연구단 데이터사이언스그룹 연구직,기초과학연구원 대전,제2020-1회 수리 및 계산 과학 연구단 데이터사이언스그룹 연구직,,컨퍼런스 혹은 국제저널 논문 게재자 · 분석언어와 도구를 하나 이상 능숙하게 다룰 수 있는 자(Python/R/ Scala/Scikit-learn/Spark/TensorFlow/PyTorch) · 로그 수준의 데이터를 가공하여...
https://kr.indeed.com/viewjob?jk=fe383fbe18dc32e1,[Search] [Vision] Computer Vision Resear...,네이버 대한민국,[Search] [Vision] Computer Vision Resear...,,"동영상 검색 , 비주얼 커머스 서비스 고도화에 기여 [자격요건] · Python, C++, Golang, Scala 등의 백엔드 개발 언어를 1 개 이상 자유롭게 활용 가능한 분 · Hadoop, Spark 등을 활용하여..."
https://kr.indeed.com/viewjob?jk=1937ebb0ea172f08,데이터 엔지니어,리디 서울특별시,데이터 엔지니어,,"구축 및 운영 경험 GA, Tableau 등 외부 분석/시각화 도구에 대한 지식 Python, Java, Scala 중 하나 이상을 이용한 개발 경험 [지원 시 유의 사항] 이름, E-mail, 연락 가능한 연락처는 필수..."
https://kr.indeed.com/viewjob?jk=ff52e5f9625f8f34,Machine Learning Engineer (LINE AI Servi...,LINE Plus corporation 성남 서현역,Machine Learning Engineer (LINE AI Servi...,,"Hadoop MR, Hive, Spark 등 대용량 처리 프레임워크 개발/사용 경험 - Python, Scala, SQL 등의 프로그래밍 언어를 사용할 수 있는 자 - 해외 출장/근무에 결격 사유가 없는 자 [우대사항..."
https://kr.indeed.com/viewjob?jk=a358a39da5dfc360,[NAVERxLINE] Global Ad Data Engineer/AI...,네이버 대한민국,[NAVERxLINE] Global Ad Data Engineer/AI...,,"Reliablity Engineering [자격요건 ] - Java, Scala, Python 등의 언어를 활용한 소프트웨어 개발 역량 - 리눅스... 분 - Python, Java, Scala 중 1개 이상의 언어를 활용한..."
https://kr.indeed.com/viewjob?jk=b35da47f5e84c9b4,콘텐츠서비스개발팀 - 데이터분석가,Nexon 성남 분당구,콘텐츠서비스개발팀 - 데이터분석가,,"및 커뮤니케이션 능력 - 새로운 기술 습득에 능동적이고 거부감이 없는 분 우대사항 - Python , Scala 을 이용한 데이터분석 능력 - SQL 기본 활용 능력 - 통계 및 분석에 대한 이론 지식 - 시각화..."
https://kr.indeed.com/viewjob?jk=85929aac498299cc,데이터 사이언스 전문가 및 머신러닝 전문가,카카오 4.2 성남 판교역,데이터 사이언스 전문가 및 머신러닝 전문가,,시기 바랍니다. 지원자격 개발 경력 2년 이상 머신 러닝/데이터 사이언스를 위한 언어(R/Python/ Scala) 및 도구(scikit-learn/Spark MLlib/Tensorflow/Pytorch 등)를 하나 이상...
https://kr.indeed.com/viewjob?jk=07375dc4e800dfa9,추천 시스템 소프트웨어 엔지니어,카카오 4.2 성남 판교역,추천 시스템 소프트웨어 엔지니어,,"하나의 분야에 뛰어나신 분을 선호함 키워드 프로그래밍 언어 Python, C/C++, Go, Java, Scala 시스템 HBase, YARN, Spark, Zookeeper SparkStreaming, Kafka..."
https://kr.indeed.com/viewjob?jk=f5f5f902d240ac96,Data Scientist,토스 서울 강남구,Data Scientist,,"경험 5년 이상 갖춘 분 실제 서비스 데이터를 이용한 분석모델 개발 경험이 있는 분 R, Python, Scala, SQL 등 데이터 분석의 업무를 수행할 수 있는 하나 이상의 개발 언어에 능숙한 분 우대 사항 Machine..."
https://kr.indeed.com/viewjob?jk=736eb193e417cee2,비즈개발실 서버 개발자 (경력),카카오 4.2 대한민국,비즈개발실 서버 개발자 (경력),,"래픽 서비스 개발 경험 (우대) Scala, NodeJS 개발 경험 (우대... 0 스펙에 대한 이해 (우대) 대용량 트래픽 서비스 개발 경험 (우대) Scala, NodeJS로 개발 경험 (우대) Hadoop Eco System..."
https://kr.indeed.com/viewjob?jk=d04fc2b73edbc742,데이터분석가(팀장급),리디 서울,데이터분석가(팀장급),,"활용 가능 데이터에 기반한 사고 능력 비즈니스 데이터 분석 실무 경험 데이터 처리 언어 (R, Python, Scala) 사용 경험 추가 정보 우대 사항 데이터 분석팀 리딩 경험 리디 서비스 사용 경험 통계 모델링 또는..."
https://kr.indeed.com/viewjob?jk=7c2410980030a622,ASSISTANT MANAGER - INCOME,Grand Hyatt Jeju 제주도 제주,ASSISTANT MANAGER - INCOME,,"inventory, ensuring all items are being charged and recorded in Scala. To keep an eye... Purchasing team... ensure..."
https://kr.indeed.com/viewjob?jk=dd4d8e59a4a9265d,Data Specialist (Scientist&&Engineer),아우름플래닛 서울 마포구,Data Specialist (Scientist&&Engineer),,"Keras, Pytorch, Theano 등)를 하나 이상 사용할 수 있는 분 • R, Python, Scala, SQL 등을 이용한 데이터 분석 및 프로그램 개발 능력이 있는 분 • 데이터 분석 기법, 기초통계 및 회귀모형..."
https://kr.indeed.com/viewjob?jk=be6c1f03fa566f8e,추천 시스템 연구/개발,카카오 4.2 성남 판교역,추천 시스템 연구/개발,,"Matrix Factorization 프로그래밍 언어 Python, C/C++, Go, Java, Scala, Matlab, R 관련 서비스 미디어다음, 브런치, 카카오TV, 1Boon, 카카오페이지, 다음앱, 카카오..."
https://kr.indeed.com/viewjob?jk=e0506fe72721e74d,Data Engineer,하이퍼커넥트 서울,Data Engineer,,"하는 업무 능력 Python 혹은 Scala, SQL 실무 경험 담당 업무... 커뮤니케이션 경험 airflow, spark, spark stream, scala, hbase, firebase 실무 경험 kafka, elastic..."
https://kr.indeed.com/viewjob?jk=cef60a5a4a42fe95,AD Performance Dev,LINE Plus corporation 성남 서현역,AD Performance Dev,,"러닝 실무 경력이 있는 자 아래 요건 중 최소 한 가지 해당 - Golang, C/C++, Java, Scala 중 2개 이상의 개발 언어에 능숙한 자 - 위 언어중 1개에 익숙하고 R 또는 Python 기반으로 분석..."
https://kr.indeed.com/viewjob?jk=4fbc49b63296ff88,Data Engineer (Analytics/Anomaly-detecti...,LINE Plus corporation 성남 서현역,Data Engineer (Analytics/Anomaly-detecti...,,"자 - VCS(Git) 기반으로 협업하는 것이 익숙한 자 - 데이터 분석 및 추출을 위한 Python, Scala 언어를 사용할 줄 아는 자 [우대사항] - Hadoop 기반 분석 환경(Spark, Hive 등) 빅데..."
https://kr.indeed.com/viewjob?jk=e01c7ac25340705b,Data Engineer,토스 서울 강남구,Data Engineer,,"Kafka, Spark 등) 활용 경험이 있는 분 데이터 분석도구 개발을 위한 소프트웨어 개발 역량(Java, Scala, Python 등)을 갖춘 분 우대 사항 중급 이상의 프로그래밍 개발 역량을 보유한 분(웹/클라이언트..."
https://kr.indeed.com/viewjob?jk=632cd3f51ad2a385,백엔드 개발자 (데이터 엔지니어) Senior - 빅데이터 분석 인프라...,유저해빗 서울 마포구,백엔드 개발자 (데이터 엔지니어) Senior - 빅데이터 분석 인프라...,"연봉 80,000,000원 - 100,000,000원",기능개발[근무부서및직급/직책]근무부서:개발팀직급/직책:팀원[자격요건]-경력사항:경력(7년이상)-java혹은 scala경험자-spark프로그래밍개발-데이터에관심이많으신분-새로운트렌드및설계를스스로도입할수있는분[우대사항]-Spark...
https://kr.indeed.com/viewjob?jk=8dfc9993e2aa9160,유저프로파일팀 - 데이터 모델러,Nexon 성남 분당구,유저프로파일팀 - 데이터 모델러,,"있게 활용할 수 있도록 가이드 합니다. - 주요 활용 tool : SQL, Zeppelin, Python, Scala, Tableau 지원자격 - (필수) 논리적이고 체계적인 문제 해결 및 커뮤니케이션 능력을 소유하신 분..."
https://kr.indeed.com/viewjob?jk=a23938a1b6969c37,[Data Lab] 빅데이터 활용 개발 경력사원,네이버 대한민국,[Data Lab] 빅데이터 활용 개발 경력사원,,"시스템을 활용하여 지표 분석 또는 집계 경험이 있거나 , 데이터 파이프라인 구축 및 개발 경험 - Java, Scala, Python 등의 최소 1 가지 언어를 활용한 소프트웨어 개발 역량 - 리눅스 환경에서의 시스템 개발..."
https://kr.indeed.com/viewjob?jk=d1e75364ef505c68,"데이터 가치 함께 발굴하실 머신러닝, 통계 모델링 전문가",카카오 4.2 성남 판교역,"데이터 가치 함께 발굴하실 머신러닝, 통계 모델링 전문가",,술에 자신감이 있으신 분도 환영합니다. 지원자격 머신 러닝/통계 등 모델링에 활용하는 언어(Python/ Scala/R 등) 및 도구(Tensor flow/Pytorch 등)를 하나 이상 능숙하게 다룰 수 있으신 분 어떤...
https://kr.indeed.com/viewjob?jk=6e76f9151e44ad64,[Search] 음악 추천 AI 기술 개발 신입/경력사원,네이버 대한민국,[Search] 음악 추천 AI 기술 개발 신입/경력사원,,"API/Kafka 스트림 처리 ) 분야에 대한 경험이 풍부하신 분 우대 · C, Java, Python, Scala 등 하나 이상의 언어에 능숙 하신 분 · 위 채용분야 관련 2 년 이상 실무 경험 또는 대학원 경력 보유자..."
https://kr.indeed.com/viewjob?jk=a03fdcac1dffb97a,데이터 분석가(팀원급),리디 서울,데이터 분석가(팀원급),,"활용 가능 데이터에 기반한 사고 능력 비즈니스 데이터 분석 실무 경험 데이터 처리 언어 (R, Python, Scala) 사용 경험 추가 정보 우대 사항 리디 서비스 사용 경험 통계 모델링 또는 머신러닝 경험 데이터 시각..."
https://kr.indeed.com/viewjob?jk=ea3b136c0ff59524,데이터분석가(게임어뷰징 탐지),Nexon 성남 분당구,데이터분석가(게임어뷰징 탐지),,"등의 빅데이터 활용 업무경력) - 논리적이고 체계적인 문제 해결 및 커뮤니케이션 능력 - Python, Scala 등과 같은 프로그래밍언어로 데이터 분석 및 모델링 능력 (탐색적 데이터분석/ 데이터 전처리/ 기계학습..."
https://kr.indeed.com/viewjob?jk=d0ed8660cd98f4c0,빅데이터 플랫폼 개발자,카카오 4.2 성남 판교역,빅데이터 플랫폼 개발자,,데이터 클러스터링 및 abnormal 데이터 분석 지원자격 개발 경력 2년 이상 Pyrhon/Java/ Scala 등의 언어로 개발하실 수 있는 분 오픈소스와 빅데이터 플랫폼에 관심이 많으신 분 대용량 데이터 처리 유경험...
https://kr.indeed.com/viewjob?jk=924d1be5b05890da,(Search) 쇼핑검색 AI 기술 개발 신입/경력사원 모집,NAVER 3.9 성남 정자동,(Search) 쇼핑검색 AI 기술 개발 신입/경력사원 모집,,"Large-scale data processing 자격요건 및 우대사항 · C, Java, Python, Scala 등 하나 이상의 언어에 능숙 하신 분 · 위 채용분야 관련 2년 이상 실무 경험 또는 대학원 경력..."
https://kr.indeed.com/viewjob?jk=02dd3cb5f0906404,Data Engineer,레이니스트 서울,Data Engineer,,"Collection, Data Pipeline, Data Warehouse 구축 경험 보유 Python / Java( Scala) 를 이용하여 데이터 처리 개발 가능 AWS, GCP 중 하나 이상의 클라우드 환경에서 데이터..."
https://kr.indeed.com/viewjob?jk=faf0422473d4188a,[Search] 쇼핑검색 AI 기술 개발 신입/경력사원,네이버 대한민국,[Search] 쇼핑검색 AI 기술 개발 신입/경력사원,,"Large-scale data processing [자격요건 및 우대사항] · C, Java, Python, Scala 등 하나 이상의 언어에 능숙 하신 분 · 위 채용분야 관련 2 년 이상 실무 경험 또는 대학원 경력..."
https://kr.indeed.com/viewjob?jk=c78a3c5d7bb7d883,웹 애플리케이션 개발자,Nexon 성남 분당구,웹 애플리케이션 개발자,,"ELK Full stack 구축, 운영 경험 클러스터링/고가용성 아키텍처의 이해 및 사용 경험 - Scala, Akka, Spark, Kafka, Zookeeper, Hadoop, Hbase 기타사항 - 서류 접수 이후..."
https://kr.indeed.com/viewjob?jk=20d40ee61adffeca,챗봇 플랫폼 개발자,카카오 4.2 성남 판교역,챗봇 플랫폼 개발자,,"관심과 열정이 남다르신(실) 분 새로운 기술과 서비스에 대한 두려움이 없으신 분 서버 개발 Java, Scala, Kotlin 등의 JVM 기반 언어 및 Python을 이용해서 실서비스 개발 및 운영해보신 분 데이터..."
https://kr.indeed.com/viewjob?jk=498cbbf909edbab6,Global Payment 데이터 분석,LINE Plus corporation 성남 판교역,Global Payment 데이터 분석,,"가능 - Data Visualization 능력 - 데이터 분석/모델링을 위한 언어 가능 (R/Python/ Scala 등) - Hadoop M/R, Hive, Spark 등 빅데이터 분석 플랫폼 사용 경험자 - 해외..."
https://kr.indeed.com/viewjob?jk=67ca30c143379281,Data Scientist III,Amazon Web Services Korea LLC 서울,Data Scientist III,,"software development in languages like Java, Python, Scala. Experience working with RESTful API and general service oriented..."
https://kr.indeed.com/viewjob?jk=5e7504a283c851a0,API 테스트 플랫폼 개발자,카카오 4.2 제주도,API 테스트 플랫폼 개발자,,"케이션 스킬을 보유하신 분 API Testing 분야에서 개발/컨설팅 전문가가 되시고 싶은 분 java, scala, kotlin 등 Functional 또는 OOP Language, 한 가지 이상을 능숙하게 사용할 수 있으..."
https://kr.indeed.com/viewjob?jk=a0189433794de62c,[NAVERxLINE] Global Ad Web/Backend Engin...,네이버 대한민국,[NAVERxLINE] Global Ad Web/Backend Engin...,,"경험 · 다양한 기술(Java, Javascript, Kotlin, Scala, Spring, Spark, MongoDb, Redis등)을 깊은 수준... Golang, C/C++, Java, Scala 중 2개 이상의 개발 언어..."
https://kr.indeed.com/viewjob?jk=cac18e6bcbee5a21,Front end 개발자,브릭 성남 분당구,Front end 개발자,"연봉 28,000,000원","HBase, 기타 ElasticSearch 사용 언어 (빈도수 순) : Java, C#, Javascript, Scala, Python, R, C++ 7. 근무 조건 근무장소 : 경기도 성남시 분당구 판교역로 230..."
https://kr.indeed.com/viewjob?jk=711b922289384d7f,금융플랫폼 AI 플랫폼 연구개발,금융그룹 AI 플랫폼 연구개발 서울,금융플랫폼 AI 플랫폼 연구개발,,학위 이상 보유자 (박사 우대) - 관련 경력 2년 이상 * 필수조건... Python / Scala / Java / JavaScript / TypeScript 중급 이상 (택1) - Data scientific...
https://kr.indeed.com/viewjob?jk=085508e3549cfaa6,데이터 분석 전문가 & PM,토이스미스 서울 강남구,데이터 분석 전문가 & PM,,"적인 빅데이터 관리 및 프로세스 경험 l 클라우드 서비스 능숙자 l 프로그래밍 역량 (TensorFlow, Scala, R 등) l Elastic Search, Kibana 사용 경험 l 수학, 통계, 물리, 공학 전공자 l..."
https://kr.indeed.com/viewjob?jk=5b8d56d7f11903a2,데이터연동개발팀 - 데이터엔지니어,Nexon 성남 분당구,데이터연동개발팀 - 데이터엔지니어,,경험이 있으신 분 - SQL 활용 능력이 뛰어나신 분 우대사항 - 경력 3년 이하 - Python이나 Scala 등과 같은 프로그래밍 언어를 활용하여 ETL 개발이 가능하신 분 - Spark를 활용하여 데이터 파이프라...
https://kr.indeed.com/viewjob?jk=1961cdd73f62c880,"Specialized Solutions Architect III, Ana...",Amazon Web Services Korea LLC 서울,"Specialized Solutions Architect III, Ana...",,"least one or more programing languages... Python, Java and Scala. · Hands on experience leading large-scale global data..."
https://kr.indeed.com/viewjob?jk=5bc622575fee61b8,Data Scientist,하이퍼커넥트 서울,Data Scientist,,"연구 경험 보유 데이터 관련 분야 석박사 학위 보유 머신러닝 모델 개발 및 상용화 경험 보유 Java, Scala, C/C++ 개발 및 상용화 경력 보유 채용형태/근무시간 정규직 월요일 - 금요일 (10:00 - 19..."
https://kr.indeed.com/viewjob?jk=bd1ad6ca3aba3000,데이터 엔지니어 / Data Engineer,Bagelcode 서울,데이터 엔지니어 / Data Engineer,,"대한 이해 - AWS 환경에서 개발/운영 경험 혹은 그에 준하는 지식 - Python / Java / Scala / Kotlin 중 하나 이상을 이용한 개발 경험 [우대 사항] - Hadoop MapReduce, Hive..."
https://kr.indeed.com/viewjob?jk=a22d7b630bff33ea,[수시] ESTsecurity 서버/백엔드 개발 (경력),ESTsecurity 서울 서초구,[수시] ESTsecurity 서버/백엔드 개발 (경력),,"개발 경험, 혹은 그에 준하는 역량을 갖추고 계신분 - Java 언어를 잘 다루시거나 타 JVM 환경 언어( Scala, Kotlin 등)에 익숙하신 분 - DB(RDBMS, NoSQL)에 대한 이해와 경험이 있으신 분..."
https://kr.indeed.com/viewjob?jk=301a562b5b4d2b2e,Data Engineering Manager,레이니스트 서울,Data Engineering Manager,,"Collection, Data Pipeline, Data Warehouse 구축 경험 보유 Python / Java( Scala) 를 이용하여 데이터 분석 툴 개발 가능 스트리밍 또는 배치 Data 기술 (예. Hadoop..."
https://kr.indeed.com/viewjob?jk=b43edb92cb44bd28,Senior Data Engineer,레이니스트 서울,Senior Data Engineer,,"Collection, Data Pipeline, Data Warehouse 구축 경험 보유 Python / Java( Scala) 를 이용하여 데이터 처리 개발 가능 스트리밍 또는 배치 Data 기술 (예. Hadoop..."
https://kr.indeed.com/viewjob?jk=b51ca785a45edf17,Senior Specialist Consultant - AI/ML,Amazon Web Services Korea LLC 서울,Senior Specialist Consultant - AI/ML,,"software development in languages like Java, Python, Scala. Experience working with RESTful API and general service oriented..."
https://kr.indeed.com/viewjob?jk=339f16c3c77753a7,Data Science Engineer (LINE AI Services...,LINE Plus corporation 성남 서현역,Data Science Engineer (LINE AI Services...,,"유자 - 데이터 파이프라이닝/전처리를 직접 수행하여 분석/모델까지 도출할 수 있는 자 - Python, Scala, SQL 등의 프로그래밍 언어를 사용할 수 있는 자 - 해외 출장/근무에 결격 사유가 없는 자 [우대사..."
https://kr.indeed.com/viewjob?jk=65232d6e37b8f7fb,주니어 데이터 엔지니어 / Junior Data Engineer,Bagelcode 서울,주니어 데이터 엔지니어 / Junior Data Engineer,,"알고리즘, 데이터구조, OS, 데이터베이스 등 기본적인 전산 지식에 대한 이해 - Python / Java / Scala / Kotlin 중 하나 이상을 이용한 개발 경험 [우대 사항] - Hadoop MapReduce..."
https://kr.indeed.com/viewjob?jk=61ecdc0ef3cfb66a,[경력] 빅데이터 플랫폼 엔지니어,카카오 4.2 성남 판교역,[경력] 빅데이터 플랫폼 엔지니어,,"경력 만 5년 미만 <기술> 전산 전공 또는 그에 준하는 실무 경험을 갖추신 분 Java 필수, 그 외 Scala, Python, Ruby 중 1개 이상 언어로 개발 가능하신 분 하둡 플랫폼에 대한 기본 지식을 갖추신 분..."
